alloc_out1,alloc_out2
1,R0
2,T15
3,S15
4,T3
5,S38
6,S14
7,S41
8,T24
9,S12
10,T4
11,R0
12,S20
13,S13
14,S34
15,T13
16,R0
17,T22
18,S1
19,S8
20,R0
21,S11
22,S25
23,T6
24,S10
25,T7
26,S32
27,R0
28,S7
29,S21
30,T14
31,S2
32,S22
33,S5
34,T20
35,T9
36,S16
37,S17
38,S26
39,S4
40,T21
41,S3
42,R0
43,R0
44,S9
45,T17
46,R0
47,R0
48,S6
49,S19
50,T11
51,T16
52,S27
53,S28
54,T19
55,S24
56,T10
57,S23
58,S18
59,R0
60,T23
61,T12
62,T18
63,T4
64,S13
65,R0
66,T24
67,R0
68,R0
69,R0
70,S41
71,R0
72,R0
73,T22
74,S33
75,R0
76,R0
77,R0
78,R0
79,T1
80,S34
81,R0
82,R0
83,T8
84,R0
85,S12
86,T28
87,S17
88,T22
89,S11
90,S25
91,S16
92,T12
93,S20
94,T17
95,T7
96,S4
97,T24
98,S19
99,R0
100,S21
101,R0
102,T13
103,S24
104,S8
105,S23
106,R0
107,S2
108,S26
109,R0
110,S9
111,S18
112,S10
113,R0
114,S3
115,T14
116,T20
117,S27
118,T21
119,T11
120,R0
121,R0
122,T18
123,S13
124,T1
125,T22
126,R0
127,T19
128,R0
129,S5
130,S17
131,T9
132,T8
133,T7
134,R0
135,S4
136,S16
137,S11
138,R0
139,S21
140,S19
141,T22
142,S25
143,T6
144,T21
145,S9
146,S23
147,S8
148,T9
149,T7
150,T1
151,S5
152,T20
153,R0
154,S3
155,S13
156,T11
157,S27
158,R0
159,T8
160,S22
161,T18
162,S19
163,S20
164,R0
165,S11
166,T22
167,S34
168,S26
169,S6
170,S10
171,T24
172,T19
173,S18
174,T9
175,T13
176,T21
177,S12
178,T16
179,S32
180,T7
181,R0
182,T20
183,T12
184,R0
185,R0
186,S5
187,T1
188,S2
189,S27
190,R0
191,S41
192,T8
193,R0
194,T23
195,R0
196,R0
197,S13
198,T19
199,T3
200,R0
201,S33
202,S26
203,T4
204,T22
205,S18
206,R0
207,T7
208,T11
209,S24
210,S12
211,S19
212,R0
213,T20
214,T9
215,T6
216,R0
217,R0
218,S2
219,S15
220,S6
221,R0
222,R0
223,T19
224,T1
225,S22
226,S13
227,S9
228,T21
229,T8
230,S14
231,R0
232,S4
233,R0
234,R0
235,T22
236,S34
237,R0
238,T7
239,S23
240,T28
241,R0
242,R0
243,S26
244,S20
245,S38
246,T18
247,R0
248,S7
249,R0
250,S27
251,T12
252,T10
253,S17
254,S11
255,S16
256,R0
257,S5
258,S3
259,S19
260,R0
261,T15
262,S10
263,S32
264,T20
265,T21
266,S1
267,T9
268,R0
269,T13
270,S28
271,T19
272,T1
273,T14
274,T6
275,T16
276,S21
277,S8
278,S25
279,S2
280,S9
281,T11
282,S7
283,R0
284,S12
285,S14
286,T18
287,S22
288,S24
289,T7
290,T8
291,S23
292,S19
293,S26
294,S15
295,T21
296,T12
297,T22
298,S3
299,T20
300,S10
301,S28
302,T15
303,S21
